Burk Shadbolt,04403108I,1992
Olga Stag,02742635H,1992
Vera Ivakin,48142619Z,2011
Delphinia Romi,75181556A,2003
Yolane Bridgland,88720109H,2009
Murial Bittlestone,65533645U,1963
Rois Rittmeier,46258668R,1994
Malorie Ife,16934675N,2009
Cassaundra Bigland,52232145E,2009
Laura Heffernon,91042973N,2008
Oswald Newrick,33732326W,2008
Ellene Williscroft,19554078G,1994
Kahaleel Karby,79794496O,1992
Laurene Gierck,72625540Y,1987
Clemens Magwood,84252329F,1997
Jermayne Maulin,94742822A,2010
Joletta Halahan,49547198Z,2001
Ainsley Elington,77179258E,1995
Pernell Cowdrey,13649648A,2008
Wood Thorp,92433362E,2001
